Workbook

Sheet Модель
A1: Оптимізаційна модель: Підприємство «Астро-ТВ» (Варіант 9)
A3: Ресурс / Показник | B3: Astro (x1) | C3: Cosmo (x2) | D3: Nova (x3) | E3: Vega (x4) | F3: Використано | G3: Знак | H3: Запас
A4: План виробництва (шт./день) | B4: 30.545455 | C4: 281.81818 | D4: 0 | E4: 0
A5: Прибуток з одиниці, грн | B5: 58 | C5: 39 | D5: 54 | E5: 16
A7: Конвеєр A, год | B7: 5 | C7: 2 | D7: 1 | E7: 2 | F7: =SUMPRODUCT($B$4:$E$4, B7:E7) -> 716.36364 | G7: <= | H7: 1147
A8: Конвеєр Б, год | B8: 5 | C8: 0 | D8: 1 | E8: 3 | F8: =SUMPRODUCT($B$4:$E$4, B8:E8) -> 152.72727 | G8: <= | H8: 1199
A9: Цех кінескопів, год | B9: 5 | C9: 4 | D9: 6 | E9: 4 | F9: =SUMPRODUCT($B$4:$E$4, B9:E9) -> 1280 | G9: <= | H9: 1280
A10: Цех корпусів, год | B10: 4 | C10: 1 | D10: 1 | E10: 5 | F10: =SUMPRODUCT($B$4:$E$4, B10:E10) -> 404 | G10: <= | H10: 404
A11: Ділянка збирання, год | B11: 6 | C11: 0 | D11: 3 | E11: 0 | F11: =SUMPRODUCT($B$4:$E$4, B11:E11) -> 183.27273 | G11: <= | H11: 1170
A14: Сумарний прибуток (F(x)), грн | F14: =SUMPRODUCT($B$4:$E$4, B5:E5) -> 12762.545

Sheet Звіт про стійкість один
A1: Microsoft Excel 16.0 Звіт про стійкість
A2: Модель: [Astro_TV_Model]Модель
A4: Змінні
B5: Клітинка | C5: Ім'я | D5: Кінцеве значення | E5: Зведена вартість | F5: Цільовий коефіцієнт | G5: Допустиме збільшення | H5: Допустиме зменшення
B6: $B$4 | C6: План Astro (x1) | D6: 30.545455 | E6: 0 | F6: 58 | G6: 98 | H6: 9.25
B7: $C$4 | C7: План Cosmo (x2) | D7: 281.81818 | E7: 0 | F7: 39 | G7: 7.4 | H7: 24.5
B8: $D$4 | C8: План Nova (x3) | D8: 0 | E8: -8.763636 | F8: 54 | G8: 8.763636 | H8: 1E+30
B9: $E$4 | C9: План Vega (x4) | D9: 0 | E9: -41.436364 | F9: 16 | G9: 41.436364 | H9: 1E+30
A11: Обмеження
B12: Клітинка | C12: Ім'я | D12: Кінцеве значення | E12: Тіньова ціна | F12: Права частина | G12: Допустиме збільшення | H12: Допустиме зменшення
B13: $F$7 | C13: Конвеєр A, год | D13: 716.36364 | E13: 0 | F13: 1147 | G13: 1E+30 | H13: 430.63636
B14: $F$8 | C14: Конвеєр Б, год | D14: 152.72727 | E14: 0 | F14: 1199 | G14: 1E+30 | H14: 1046.2727
B15: $F$9 | C15: Цех кінескопів, год | D15: 1280 | E15: 8.909091 | F15: 1280 | G15: 336 | H15: 973.33333
B16: $F$10 | C16: Цех корпусів, год | D16: 404 | E16: 3.363636 | F16: 404 | G16: 243.33333 | H16: 84
B17: $F$11 | C17: Ділянка збирання, год | D17: 183.27273 | E17: 0 | F17: 1170 | G17: 1E+30 | H17: 986.72727

Sheet __OpenSolverCache__

Sheet __OpenSolver__
A1: =ModelSheet='Модель'!A:Z -> #NAME?
A2: =OpenSolver_AdjNum=1 -> #NAME?
A3: =OpenSolver_ChosenSolver=Google -> #NAME?
A4: =OpenSolver_FastBuild=0 -> #NAME?
A5: =OpenSolver_LinearityCheck=1 -> #NAME?
A6: =solver_adj='Модель'!B4:E4 -> #NAME?
A7: =solver_lhs1='Модель'!F7:F11 -> #NAME?
A8: =solver_neg=1 -> #NAME?
A9: =solver_num=1 -> #NAME?
A10: =solver_opt='Модель'!F14 -> #NAME?
A11: =solver_rel1=1 -> #NAME?
A12: =solver_rhs1='Модель'!H7:H11 -> #NAME?
A13: =solver_sho=1 -> #NAME?
A14: =solver_typ=1 -> #NAME?
A15: =solver_val=0 -> #NAME?
